Question,A,B,C,D,Correct
Who directed Dead of Night?,Roman Polanski,Andrzej Żuławski,Alberto Cavalcanti / Charles Crichton / Basil Dearden / Robert Hamer,George Mihalka,C
Who starred as a leading performer in Peeping Tom (1960)?,George C. Scott,Jack Nicholson,Karlheinz Böhm,Megumi Okina,C
Which country or production territory is most closely associated with Eyes Without a Face?,France/West Germany,France,Canada/USA,Sweden,B
Who composed or is credited with the principal score for Jigoku (1960)?,Disasterpeace,Marco Beltrami,Hajime Kaburagi,Marc Shaiman,C
In which year was The Haunting released?,2005,2008,2015,1963,D
Which film was directed by Masaki Kobayashi and released in 1964?,Psycho,Alien,Kwaidan,The Others,C
Which film featured José Mojica Marins and was released in 1964?,At Midnight I'll Take Your Soul,The Shining,Cat People,Cube,A
Which franchise or series is Repulsion associated with?,Child's Play,standalone,Universal Monsters / Wolf Man,Standalone,D
Which film had a principal score credited to Goblin and was released in 1977?,The Wolf Man,Suspiria,Barbarian,Sleepaway Camp,B
Which film was released in 1979 and stars Oliver Reed?,The Brood,An American Werewolf in London,Ginger Snaps,Let the Right One In,A
Who directed The Changeling?,Kathryn Bigelow,John Carpenter,Peter Medak,Sean S. Cunningham,C
Who starred as a leading performer in Possession (1981)?,Jack Nicholson,Adrienne King,Isabelle Adjani,Adrienne Barbeau,C
Which country or production territory is most closely associated with The Burning?,USA/Canada,UK,Thailand/South Korea,Canada/USA,A
Who composed or is credited with the principal score for Videodrome (1983)?,Howard Shore,Pablo Fuu,Shirley Walker,Jung Jae-il,A
In which year was Near Dark released?,1987,1963,1985,2012,A
Which film was directed by Brian Yuzna and released in 1989?,Society,The Cabin in the Woods,Tenebrae,Phenomena,A
Which film featured Nicole de Boeck and was released in 1997?,Paranormal Activity,Possession,Cube,Peeping Tom,C
Which franchise or series is Ginger Snaps associated with?,Universal Monsters / Dracula,The Exorcist,Standalone,Sleepaway Camp,C
Which film had a principal score credited to Lee Byung-woo and was released in 2006?,The Host,Trick 'r Treat,Halloween,When Evil Lurks,A
Which film was released in 2007 and stars Manuela Velasco?,Possessor,[REC],They Live,Dawn of the Dead,B
Who directed Martyrs?,Leigh Whannell,Pascal Laugier,David Lynch,José Mojica Marins,B
Who starred as a leading performer in Let the Right One In (2008)?,Joe Spinell,Robert Pattinson,Robin Tunney,Kåre Hedebrant,D
Which country or production territory is most closely associated with The House of the Devil?,Italy/USA,Canada/USA,USA/Australia,USA,D
Who composed or is credited with the principal score for Suspiria (2018)?,Rick Wakeman,Thom Yorke,Queens of the Stone Age / others,Joseph LoDuca,B
In which year was The Lighthouse released?,2002,2019,1974,1998,B
Which film was directed by Brandon Cronenberg and released in 2020?,Deep Red,The Sixth Sense,Possessor,Psycho,C
Which film featured Wunmi Mosaku and was released in 2020?,The Shining,The Bride of Frankenstein,His House,The Texas Chain Saw Massacre,C
Which franchise or series is The Medium associated with?,Prom Night,The Slumber Party Massacre,Standalone,Universal Monsters / Frankenstein,C
Which film had a principal score credited to Pablo Fuu and was released in 2023?,Train to Busan,Possessor,When Evil Lurks,The Slumber Party Massacre,C
Which film was released in 2023 and stars David Dastmalchian?,Cube,The Serpent and the Rainbow,The Lost Boys,Late Night with the Devil,D
Who directed Longlegs?,Joel Schumacher,Oren Peli,Osgood Perkins,David Robert Mitchell,C
Who starred as a leading performer in Dead of Night (1945)?,Roy Scheider,Simon Pegg,Shigeru Amachi,Mervyn Johns,D
Which country or production territory is most closely associated with Peeping Tom?,USA/Canada,Italy/USA,UK,France,C
Who composed or is credited with the principal score for Eyes Without a Face (1960)?,Charlie Clouser,Wendy Carlos / Rachel Elkind,Maurice Jarre,Tangerine Dream,C
In which year was Jigoku released?,2014,2008,1996,1960,D
Which film was directed by Robert Wise and released in 1963?,The Craft,Jacob's Ladder,At Midnight I'll Take Your Soul,The Haunting,D
Which film featured Rentaro Mikuni and was released in 1964?,The Wolf Man,Kwaidan,Peeping Tom,Opera,B
Which franchise or series is At Midnight I'll Take Your Soul associated with?,A Nightmare on Elm Street,Friday the 13th,Standalone,The Exorcist,C
Which film had a principal score credited to Chico Hamilton and was released in 1965?,Halloween,The Prowler,Repulsion,Parasite,C
Which film was released in 1977 and stars Jessica Harper?,Peeping Tom,Suspiria,The Lost Boys,Poltergeist,B
Who directed The Brood?,Jack Clayton,Clive Barker,Stanley Kubrick,David Cronenberg,D
Who starred as a leading performer in The Changeling (1980)?,Kåre Hedebrant,George C. Scott,James Woods,Mia Farrow,B
Which country or production territory is most closely associated with Possession?,France/West Germany,Australia/USA,Canada,Canada/UK,A
Who composed or is credited with the principal score for The Burning (1981)?,Bernard Herrmann,Rick Wakeman,Lee Byung-woo,Richard Band,B
In which year was Videodrome released?,2018,1983,1982,2009,B
Which film was directed by Kathryn Bigelow and released in 1987?,The Terminator,They Live,American Psycho,Near Dark,D
Which film featured Billy Warlock and was released in 1989?,Late Night with the Devil,Society,The Shining,Paranormal Activity,B
Which franchise or series is Cube associated with?,Three Mothers (loose trilogy),Final Destination,My Bloody Valentine,Standalone,D
Which film had a principal score credited to Mike Shields and was released in 2000?,Ginger Snaps,Possession,The Haunting,Barbarian,A
Which film was released in 2006 and stars Song Kang-ho?,The Evil Dead,The Invisible Man,The Host,Eyes Without a Face,C
Who directed [REC]?,Tobe Hooper,Jaume Balagueró / Paco Plaza,Coralie Fargeat,Mary Harron,B
Who starred as a leading performer in Martyrs (2008)?,Joe Spinell,Morjana Alaoui,Oliver Reed,Lupita Nyong'o,B
Which country or production territory is most closely associated with Let the Right One In?,Sweden,Japan,Spain,France/Canada,A
Who composed or is credited with the principal score for The House of the Devil (2009)?,Jeff Grace,John Williams,Krzysztof Komeda,Paul Zaza,A
In which year was Suspiria released?,2001,1964,2018,1973,C
Which film was directed by Robert Eggers and released in 2019?,Ringu,The Woman in Black,They Live,The Lighthouse,D
Which film featured Andrea Riseborough and was released in 2020?,The Ring,Night of the Living Dead,The Wicker Man,Possessor,D
Which franchise or series is His House associated with?,My Bloody Valentine,Black Christmas,Standalone,Universal Monsters / Dracula,C
Which film had a principal score credited to Chatchai Pongprapaphan and was released in 2021?,His House,Eraserhead,The Medium,Psycho,C
Which film was released in 2023 and stars Ezequiel Rodríguez?,Gremlins,When Evil Lurks,Poltergeist,Hellraiser,B
Who directed Late Night with the Devil?,Remi Weekes,Mary Lambert,Cameron Cairnes / Colin Cairnes,James Watkins,C
Who starred as a leading performer in Longlegs (2024)?,Jamie Lee Curtis,Emily Perkins,Maika Monroe,Jack Nance,C
Which country or production territory is most closely associated with Dead of Night?,UK,Brazil,Canada/USA,Australia/USA,A
Who composed or is credited with the principal score for Peeping Tom (1960)?,Brian Easdale,Brian Eno / Claudio Simonetti,Colin Stetson,Raffertie,A
In which year was Eyes Without a Face released?,2001,1960,2023,1973,B
Which film was directed by Nobuo Nakagawa and released in 1960?,Opera,Shaun of the Dead,Jigoku,Hellraiser,C
Which film featured Julie Harris and was released in 1963?,Dracula,Psycho,The Haunting,Jaws,C
Which franchise or series is Kwaidan associated with?,A Nightmare on Elm Street,Standalone,Prom Night,Living Dead,B
Which film had a principal score credited to Hermínio Gimenez and was released in 1964?,At Midnight I'll Take Your Soul,Peeping Tom,Dracula,The Others,A
Which film was released in 1965 and stars Catherine Deneuve?,Psycho,Barbarian,The Sixth Sense,Repulsion,D
Who directed Suspiria?,Mary Lambert,Dario Argento,Robert Wise,Cameron Cairnes / Colin Cairnes,B
Who starred as a leading performer in The Brood (1979)?,Andrea Riseborough,Oliver Reed,Jessica Harper,Gary Oldman,B
Which country or production territory is most closely associated with The Changeling?,Sweden,Brazil,Canada,Spain,C
Who composed or is credited with the principal score for Possession (1981)?,Philip Glass,Xavier Capellas,Thomas Newman,Andrzej Korzyński,D
In which year was The Burning released?,1992,2008,1974,1981,D
Which film was directed by David Cronenberg and released in 1983?,Videodrome,American Psycho,Eyes Without a Face,Dead of Night,A
Which film featured Adrian Pasdar and was released in 1987?,Near Dark,Longlegs,Pet Sematary,American Psycho,A
Which franchise or series is Society associated with?,Standalone,Alien,Halloween,Child's Play,A
Which film had a principal score credited to Mark Korven and was released in 1997?,Paranormal Activity,Jacob's Ladder,Cube,Pearl,C
Which film was released in 2000 and stars Emily Perkins?,Midsommar,Maniac,Bram Stoker's Dracula,Ginger Snaps,D
Who directed The Host?,Bong Joon Ho,Georges Franju,Michael Powell,Brandon Cronenberg,A
Who starred as a leading performer in [REC] (2007)?,Brian Matthews,Bruce Willis,Duane Jones,Manuela Velasco,D
Which country or production territory is most closely associated with Martyrs?,France/Canada,USA,USA/Sweden,Canada/UK,A
Who composed or is credited with the principal score for Let the Right One In (2008)?,Chatchai Pongprapaphan,David Julyan,Johan Söderqvist,Goblin / Simon Boswell,C
In which year was The House of the Devil released?,2020,2009,2007,1986,B
Which film was directed by Luca Guadagnino and released in 2018?,Day of the Dead,The Witch,Child's Play,Suspiria,D
Which film featured Robert Pattinson and was released in 2019?,The Grudge,Hereditary,Phenomena,The Lighthouse,D
Which franchise or series is Possessor associated with?,Black Christmas,Three Mothers (loose trilogy),Standalone,Pet Sematary,C
Which film had a principal score credited to Roque Baños and was released in 2020?,His House,Halloween,Jacob's Ladder,Jaws,A
Which film was released in 2021 and stars Narilya Gulmongkolpech?,Jigoku,The Medium,Ringu,Saw,B
Who directed When Evil Lurks?,Ti West,Michael Dougherty,Demián Rugna,Takashi Shimizu,C
Who starred as a leading performer in Late Night with the Devil (2023)?,David Dastmalchian,Zach Galligan,Tony Todd,Neve Campbell,A
Which country or production territory is most closely associated with Longlegs?,Thailand/South Korea,USA,Australia,USA/Sweden,B
Who composed or is credited with the principal score for Dead of Night (1945)?,Georges Auric,Wendy Carlos / Rachel Elkind,Elliot Goldenthal,Paul Zaza,A
In which year was Peeping Tom released?,2011,1968,1960,1945,C
Which film was directed by Georges Franju and released in 1960?,Eyes Without a Face,Tenebrae,His House,The Invisible Man,A
Which film featured Shigeru Amachi and was released in 1960?,Parasite,Kwaidan,Jigoku,Possessor,C
Which franchise or series is The Haunting associated with?,Ring,Standalone,standalone,The Slumber Party Massacre,B
Which film had a principal score credited to Toru Takemitsu and was released in 1964?,Kwaidan,Martyrs,Misery,The Fog,A
Which film was released in 1964 and stars José Mojica Marins?,At Midnight I'll Take Your Soul,Possession,Final Destination,The Lighthouse,A
