Question,A,B,C,D,Correct
Which Movies Tag Line is,Friday the 13th (2009):,Friday the 13th,Friday the 13th Part 2,Jason X,B
"Which Movies Tag Line is ""On Friday the 13th, they began to die horribly...one...by one""",9,Friday the 13th,Friday the 13th (2009):,7,B
"Which Movies Tag Line is ""The body count continues…""",Jason X,Friday the 13th (2009):,Friday the 13th,Friday the 13th Part 2,D
"Which Movies Tag Line is ""A bold new dimension in terror""",Friday the 13th,Friday the 13th Part VIII: Jason Takes Manhattan,Friday the 13th (2009):,Friday the 13th Part 3,D
"Which Movies Tag Line is ""12 times before, people have gone to Crystal Lake. And 12 times before, they never came back.""",Friday the 13th Part VI: Jason Lives,Friday the 13th,Friday the 13th: The Final Chapter,Friday the 13th (2009):,C
"Which Movies Tag Line is ""Jason was out there somewhere…""",Friday the 13th (2009):,Friday the 13th Part VII: The New Blood,Friday the 13th: A New Beginning,Friday the 13th,C
"Which Movies Tag Line is ""He's back from the dead and ready to raise hell.""",Friday the 13th (2009):,Friday the 13th Part VII: The New Blood,Friday the 13th,Friday the 13th Part VI: Jason Lives,D
"Which Movies Tag Line is ""Her mind awoke Jason from the dead!""",Friday the 13th: A New Beginning,Friday the 13th,Friday the 13th Part VI: Jason Lives,Friday the 13th Part VII: The New Blood,D
"Which Movies Tag Line is ""New York has a new problem.""",Friday the 13th,Friday the 13th Part 3,Jason Goes to Hell: The Final Friday,Friday the 13th Part VIII: Jason Takes Manhattan,D
"Which Movies Tag Line is ""Evil has finally found a home.""",Jason Goes to Hell: The Final Friday,Friday the 13th,Freddy vs. Jason,Jason X,A
"Which Movies Tag Line is ""Evil gets an upgrade.""",Jason Goes to Hell: The Final Friday,Freddy vs. Jason,Jason X,Friday the 13th,C
"Which Movies Tag Line is ""Evil will battle evil.""",Friday the 13th,Freddy vs. Jason,Jason X,Jason Goes to Hell: The Final Friday,B
"Which Movies Tag Line is ""Welcome to Crystal Lake.""",Friday the 13th Part 2,Friday the 13th: The Final Chapter,Friday the 13th,Friday the 13th (2009):,D
"Which Friday the 13th entry was ""The Final Chapter""",6,4,7,9,B
"Which Friday the 13th entry was ""A New Beginning""",7,6,9,5,D
"Which Friday the 13th entry was ""Jason Lives """,7,8,9,6,D
"Which Friday the 13th entry was ""The New Blood""",4,7,9,5,B
"Which Friday the 13th entry was ""Jason Takes Manhattan""",9,7,8,6,C
"Which Friday the 13th entry was ""The Final Friday""",7,6,4,9,D
Which Movies Catch Phrase is Evil runs in the family.,Jason Goes to Hell: The Final Friday,Hereditary (2018),Freddy vs. Jason,Jason X,B
"Which Movies Catch Phrase is Just because you're invited, doesn't mean you're welcome.",Get Out (2017),Phantasm (1979),House (1986),Hollow Man (2000),A
Which Movies Catch Phrase is Silence can be killer.,Drag Me to Hell (2009),Hush (2016),Vacancy (2007),The Fly (1986),B
Which Movies Catch Phrase is This house looked like an easy target. Until they found what was inside.,Don't Breathe (2016),Jaws: The Revenge (1987),The Devil's Rejects (2005),Cloverfield (2008),A
Which Movies Catch Phrase is It doesn't think. It doesn't feel. It doesn't give up.,A Nightmare on Elm Street (1984),Phantasm (1979),Black Christmas (1974),It Follows (2014),D
Which Movies Catch Phrase is You can't get rid of...the Babadook.,Ravenous (1999),Funny Games (2008),Vacancy (2007),The Babadook (2014),D
Which Movies Catch Phrase is What's in that picture?,Insidious (2010),Silver Bullet (1985),Hereditary (2018),Predator 2 (1990),A
Which Movies Catch Phrase is She's evil...and not just high school evil.,The Prey (1980),Freddy vs. Jason,Hereditary (2018),Jennifer's Body (2009),D
Which Movies Catch Phrase is Even nice people can go to hell.,The Devil's Rejects (2005),Drag Me to Hell (2009),Hush (2016),Vacancy (2007),B
Which Movies Catch Phrase is Their flesh is his fantasy.,Re-Animator (1985),The Human Centipede (2009),Session 9 (2001),Demons (1985),B
"Which Movies Catch Phrase is You must admit, you brought this on yourself.",The Babadook (2014),Ravenous (1999),Funny Games (2008),Phantasm (1979),C
Which Movies Catch Phrase is Something has found us.,Don't Breathe (2016),Teeth (2007),Cloverfield (2008),Jason Goes to Hell: The Final Friday,C
Which Movies Catch Phrase is Every rose has its thorns.,Session 9 (2001),Cloverfield (2008),Teeth (2007),Silver Bullet (1985),C
Which Movies Catch Phrase is How can you escape...if they can see everything?,The Babadook (2014),Alien (1979),Hush (2016),Vacancy (2007),D
Which Movies Catch Phrase is The last man on Earth is not alone.,The House of the Dead (2003),I Am Legend (2007),The Thing (1982),Halloween (1978),B
Which Movies Catch Phrase is Prey. Slay. Display.,From Beyond (1986),House of Wax (2005),Session 9 (2001),Pet Sematary (1989),B
"Which Movies Catch Phrase is Oh yes, there will be blood.",Demons (1985),The Fly (1986),The Texas Chainsaw Massacre (1974),Saw II (2005),D
"Which Movies Catch Phrase is This summer, go to hell.",The Devil's Rejects (2005),Maniac (1980),Drag Me to Hell (2009),Jaws: The Revenge (1987),A
Which Movies Catch Phrase is Winner kills all.,Freddy vs. Jason (2003),Pet Sematary (1989),The Lost Boys (1987),Session 9 (2001),A
Which Movies Catch Phrase is The dead walk...You run.,Halloween (1978),House (1986),Dawn of the Dead (1978),The House of the Dead (2003),D
Which Movies Catch Phrase is Fear is a place.,The Thing (1982),The Bride of Frankenstein (1935),Friday the 13th Part 3,Session 9 (2001),D
Which Movies Catch Phrase is Think you're alone? Think again.,House (1986),Hollow Man (2000),Get Out (2017),Phantasm (1979),B
Which Movies Catch Phrase is Everything you've heard is true.,The House of the Dead (2003),Ravenous (1999),The Blair Witch Project (1999),Vacancy (2007),C
Which Movies Catch Phrase is You are who you eat.,Funny Games (2008),The Babadook (2014),Ravenous (1999),Maniac Cop (1988),C
Which Movies Catch Phrase is Check in. Relax. Take a shower.,Session 9 (2001),The Lift (1983),Hereditary (2018),Psycho (1998),D
"Which Movies Catch Phrase is Forgive me father, for I am sin.",Pet Sematary (1989),Little Witches (1996),Maniac (1980),Session 9 (2001),B
Which Movies Catch Phrase is Trapped in time. Surrounded by evil. Low on gas.,Army of Darkness (1992),Hereditary (2018),Freddy vs. Jason,Jaws: The Revenge (1987),A
Which Movies Catch Phrase is He's in town with a few days to kill.,Hellraiser (1987),Predator 2 (1990),Insidious (2010),Friday the 13th Part VI: Jason Lives,B
Which Movies Catch Phrase is Sometimes dead is better.,The House of the Dead (2003),Pet Sematary (1989),House (1986),Night of the Living Dead (1968),B
Which Movies Catch Phrase is Angela is having a party. Jason and Freddy are too scared to come. But you'll have a hell of a time.,The Devil's Rejects (2005),Session 9 (2001),Night of the Demons (1988),Ravenous (1999),C
Which Movies Catch Phrase is You have the right to remain silent. Forever.,The Babadook (2014),Ravenous (1999),Funny Games (2008),Maniac Cop (1988),D
Which Movies Catch Phrase is Sleep all day. Party all night. Never grow old. Never die. It's fun to be a vampire.,Freddy vs. Jason (2003),The Nail Gun Massacre (1985),The Prey (1980),The Lost Boys (1987),D
Which Movies Catch Phrase is This time…it's personal.,The Nail Gun Massacre (1985),Jaws: The Revenge (1987),The Devil's Rejects (2005),The Prey (1980),B
Which Movies Catch Phrase is He'll tear your soul apart.,Halloween (1978),Predator 2 (1990),Hellraiser (1987),Friday the 13th Part VI: Jason Lives,C
Which Movies Catch Phrase is The good news is your dates are here. The bad news is…they're dead.,"Poltergeist (1982) / ""Poltergeist II: The Other Side"" (1986)",Night of the Creeps (1986),House (1986),Night of the Living Dead (1968),B
Which Movies Catch Phrase is Ding dong. You're dead.,House (1986),Phantasm (1979),Hollow Man (2000),Get Out (2017),A
Which Movies Catch Phrase is Humans are such easy prey.,Ravenous (1999),House of Wax (2005),From Beyond (1986),Don't Breathe (2016),C
Which Movies Catch Phrase is Be afraid. Be very afraid.,Hush (2016),The Texas Chainsaw Massacre (1974),Saw II (2005),The Fly (1986),D
Which Movies Catch Phrase is It started in May in a small town. And every month after that whenever the moon was full...it came back.,Silver Bullet (1985),The Nail Gun Massacre (1985),Insidious (2010),The Prey (1980),A
Which Movies Catch Phrase is Herbert West has a very good head on his shoulders...and another one in a dish on his desk.,Friday the 13th Part VIII: Jason Takes Manhattan,Friday the 13th,Re-Animator (1985),The Human Centipede (2009),C
Which Movies Catch Phrase is It's cheaper than a chainsaw!,Jaws: The Revenge (1987),The Nail Gun Massacre (1985),The Prey (1980),The Last House on the Left (1972),B
Which Movies Catch Phrase is They will make cemeteries their cathedrals and the cities will be your tombs.,Saw II (2005),The Birds (1963),Demons (1985),The Texas Chainsaw Massacre (1974),C
"Which Movies Catch Phrase is If Nancy doesn't wake up screaming, she won't wake up at all...",A Nightmare on Elm Street (1984),Phantasm (1979),Night of the Living Dead (1968),It Follows (2014),A
Which Movies Catch Phrase is Please do not disturb Evelyn. She already is.,I Am Legend (2007),Phantasm (1979),Jennifer's Body (2009),Mountaintop Motel Massacre (1983),D
"Which Movies Catch Phrase is Take the stairs. Take the stairs. For God's sake, take the stairs!",Psycho (1998),The Lift (1983),Frogs (1972),Dawn of the Dead (1978),B
Which Movies Catch Phrase is Man is the warmest place to hide.,The House of the Dead (2003),Session 9 (2001),The Thing (1982),I Am Legend (2007),C
"Which Movies Catch Phrase is They're here. / ""They're back.""",Night of the Living Dead (1968),Night of the Creeps (1986),Get Out (2017),"Poltergeist (1982) / ""Poltergeist II: The Other Side"" (1986)",D
Which Movies Catch Phrase is John will never eat shish kebab again.,Happy Birthday to Me (1981),The Texas Chainsaw Massacre (1974),Ravenous (1999),Hollow Man (2000),A
"Which Movies Catch Phrase is It's not human, and it's got an ax!",The Prey (1980),Jaws: The Revenge (1987),The Nail Gun Massacre (1985),The Last House on the Left (1972),A
Which Movies Catch Phrase is I warned you not to go out tonight.,The Devil's Rejects (2005),Jaws 2 (1978),Maniac (1980),Drag Me to Hell (2009),C
"Which Movies Catch Phrase is If this one doesn't scare you, you're already dead!",Phantasm (1979),Get Out (2017),House (1986),Black Christmas (1974),A
"Which Movies Catch Phrase is In space, no one can hear you scream.",Alien (1979),Phantasm (1979),Vacancy (2007),The Birds (1963),A
Which Movies Catch Phrase is Just when you thought it was safe to go back into the water.,Get Out (2017),Maniac (1980),Jaws 2 (1978),The Devil's Rejects (2005),C
"Which Movies Catch Phrase is This woman has just cut, chopped, broken and burned five men beyond recognition…but no jury in American would ever convict her!",The Devil's Rejects (2005),I Spit on Your Grave (1978),Jaws: The Revenge (1987),Alien (1979),B
Which Movies Catch Phrase is The night HE came home.,The Bride of Frankenstein (1935),The House of the Dead (2003),Halloween (1978),The Thing (1982),C
"Which Movies Catch Phrase is When there's no more room in hell, the dead will walk the Earth.",Dawn of the Dead (1978),The House of the Dead (2003),It's Alive (1974),Friday the 13th Part VI: Jason Lives,A
Which Movies Catch Phrase is Who will survive and what will be left of them?,The Texas Chainsaw Massacre (1974),Ravenous (1999),Saw II (2005),Demons (1985),A
Which Movies Catch Phrase is There's only one thing wrong with the Davis baby: It's alive.,The Last House on the Left (1972),The Prey (1980),Jaws: The Revenge (1987),It's Alive (1974),D
Which Movies Catch Phrase is If this movie doesn't make your skin crawl…it's on too tight!,Jaws: The Revenge (1987),Black Christmas (1974),It Follows (2014),Phantasm (1979),B
Which Movies Catch Phrase is Abby doesn't need a man anymore. The Devil is her lover now!,Friday the 13th Part VII: The New Blood,It Follows (2014),Abby (1974),Phantasm (1979),C
"Which Movies Catch Phrase is To avoid fainting, keep repeating 'It's only a movie...it's only a movie...'",The Nail Gun Massacre (1985),The Prey (1980),It's Alive (1974),The Last House on the Left (1972),D
Which Movies Catch Phrase is Today the pond! Tomorrow the world!,Halloween (1978),The House of the Dead (2003),Hereditary (2018),Frogs (1972),D
Which Movies Catch Phrase is They won't stay dead.,Night of the Living Dead (1968),A Nightmare on Elm Street (1984),Night of the Creeps (1986),"Poltergeist (1982) / ""Poltergeist II: The Other Side"" (1986)",A
"Which Movies Catch Phrase is ...and remember, the next scream you hear may be your own!",The Fly (1986),The Birds (1963),Alien (1979),Demons (1985),B
Which Movies Catch Phrase is The monster demands a mate!,The House of the Dead (2003),Halloween (1978),The Thing (1982),The Bride of Frankenstein (1935),D
